"","tprs","tprsin","mdstp","mdstpin","mdstp3d","mdstp3din","soap","soapin","NA","NA","NA","NA","NA","NA","NA","NA"
"1",11.1900379977368,14.2397294872669,13.3518672486488,24.3721584617311,14.3148494125497,17.4262890054419,11.7514413457871,17.0534388964382,11.1900379977368,14.2397294872669,13.3518672486488,24.3721584617311,14.3148494125497,17.4262890054419,11.7514413457871,17.0534388964382
