"","tprs","mds2d","mds3dds","mds85","mds90","mds95","soap"
"1",0.159229373358801,0.0867690265108643,0.0707102807538083,0.068633156045775,0.0700628355769777,0.0906558597411577,0.0717268705968906
"2",0.0704875679171921,0.0897363068148902,0.0561059353664008,0.0542018138781424,0.0562169036588466,0.0753169115726812,0.0635182886842235
